-- phpMyAdmin SQL Dump
-- version 5.2.0
-- https://www.phpmyadmin.net/
--
-- Host: localhost:3306
-- Generation Time: Mar 06, 2025 at 02:49 AM
-- Server version: 8.0.30
-- PHP Version: 8.1.10

SET SQL_MODE = "NO_AUTO_VALUE_ON_ZERO";
START TRANSACTION;
SET time_zone = "+00:00";


/*!40101 SET @OLD_CHARACTER_SET_CLIENT=@@CHARACTER_SET_CLIENT */;
/*!40101 SET @OLD_CHARACTER_SET_RESULTS=@@CHARACTER_SET_RESULTS */;
/*!40101 SET @OLD_COLLATION_CONNECTION=@@COLLATION_CONNECTION */;
/*!40101 SET NAMES utf8mb4 */;

--
-- Database: `krs`
--

-- --------------------------------------------------------

--
-- Table structure for table `dosen`
--

CREATE TABLE `dosen` (
  `nip` int NOT NULL,
  `nama_dosen` varchar(50) NOT NULL
) ENGINE=InnoDB DEFAULT CHARSET=utf8mb4 COLLATE=utf8mb4_0900_ai_ci;

--
-- Dumping data for table `dosen`
--

INSERT INTO `dosen` (`nip`, `nama_dosen`) VALUES
(11223344, 'bobby'),
(12345678, 'anin'),
(66778899, 'gita'),
(87654321, 'anggi'),
(99887766, 'toni');

-- --------------------------------------------------------

--
-- Table structure for table `kelas`
--

CREATE TABLE `kelas` (
  `id_kelas` int NOT NULL,
  `nama_kelas` varchar(10) NOT NULL
) ENGINE=InnoDB DEFAULT CHARSET=utf8mb4 COLLATE=utf8mb4_0900_ai_ci;

--
-- Dumping data for table `kelas`
--

INSERT INTO `kelas` (`id_kelas`, `nama_kelas`) VALUES
(1, '2C'),
(2, '2A'),
(3, '2B'),
(4, '1A'),
(5, '3A');

-- --------------------------------------------------------

--
-- Table structure for table `krs`
--

CREATE TABLE `krs` (
  `id_krs` int NOT NULL,
  `npm` int NOT NULL,
  `id_matkul` int NOT NULL,
  `tgl_pembuatan` timestamp NOT NULL DEFAULT CURRENT_TIMESTAMP
) ENGINE=InnoDB DEFAULT CHARSET=utf8mb4 COLLATE=utf8mb4_0900_ai_ci;

--
-- Dumping data for table `krs`
--

INSERT INTO `krs` (`id_krs`, `npm`, `id_matkul`, `tgl_pembuatan`) VALUES
(1, 230102057, 1, '2025-03-05 21:51:26'),
(2, 230102058, 2, '2025-03-05 21:51:26'),
(3, 230102072, 3, '2025-03-05 21:51:26'),
(4, 230202059, 4, '2025-03-05 21:51:26'),
(5, 230302065, 5, '2025-03-05 21:51:26');

-- --------------------------------------------------------

--
-- Table structure for table `mahasiswa`
--

CREATE TABLE `mahasiswa` (
  `npm` int NOT NULL,
  `nama_mahasiswa` varchar(50) NOT NULL,
  `id_kelas` int NOT NULL,
  `id_prodi` int NOT NULL
) ENGINE=InnoDB DEFAULT CHARSET=utf8mb4 COLLATE=utf8mb4_0900_ai_ci;

--
-- Dumping data for table `mahasiswa`
--

INSERT INTO `mahasiswa` (`npm`, `nama_mahasiswa`, `id_kelas`, `id_prodi`) VALUES
(230102050, 'amanda', 3, 2),
(230102052, 'andin', 2, 1),
(230102057, 'devi', 2, 3),
(230102058, 'mona', 3, 2),
(230102072, 'windy', 1, 1),
(230202059, 'eka', 4, 2),
(230302065, 'dimas', 5, 1);

--
-- Triggers `mahasiswa`
--
DELIMITER $$
CREATE TRIGGER `insert_mahasiswa` AFTER INSERT ON `mahasiswa` FOR EACH ROW INSERT INTO User (username, password, status)
VALUES (NEW.npm, '12345', 'mahasiswa')
$$
DELIMITER ;

-- --------------------------------------------------------

--
-- Table structure for table `matkul`
--

CREATE TABLE `matkul` (
  `id_matkul` int NOT NULL,
  `nama_matkul` varchar(50) NOT NULL,
  `nip` int NOT NULL,
  `sks` varchar(5) NOT NULL,
  `semester` int NOT NULL
) ENGINE=InnoDB DEFAULT CHARSET=utf8mb4 COLLATE=utf8mb4_0900_ai_ci;

--
-- Dumping data for table `matkul`
--

INSERT INTO `matkul` (`id_matkul`, `nama_matkul`, `nip`, `sks`, `semester`) VALUES
(1, 'Struktur Data', 11223344, '6', 2),
(2, 'Statistika', 12345678, '3', 1),
(3, 'Agama', 66778899, '2', 4),
(4, 'Basis Data', 87654321, '8', 5),
(5, 'K3', 99887766, '2', 3);

-- --------------------------------------------------------

--
-- Table structure for table `prodi`
--

CREATE TABLE `prodi` (
  `id_prodi` int NOT NULL,
  `nama_prodi` varchar(15) NOT NULL
) ENGINE=InnoDB DEFAULT CHARSET=utf8mb4 COLLATE=utf8mb4_0900_ai_ci;

--
-- Dumping data for table `prodi`
--

INSERT INTO `prodi` (`id_prodi`, `nama_prodi`) VALUES
(1, 'TE'),
(2, 'RKS'),
(3, 'TPPL'),
(4, 'TI'),
(5, 'TM');

-- --------------------------------------------------------

--
-- Table structure for table `user`
--

CREATE TABLE `user` (
  `id_user` int NOT NULL,
  `username` varchar(20) NOT NULL,
  `password` varchar(10) NOT NULL,
  `status` enum('admin','mahasiswa') NOT NULL
) ENGINE=InnoDB DEFAULT CHARSET=utf8mb4 COLLATE=utf8mb4_0900_ai_ci;

--
-- Dumping data for table `user`
--

INSERT INTO `user` (`id_user`, `username`, `password`, `status`) VALUES
(1, 'admin', 'admin', 'admin'),
(2, '230102072', '12345', 'mahasiswa'),
(3, '230102057', '12345', 'mahasiswa'),
(4, '230102058', '12345', 'mahasiswa'),
(5, '230202059', '12345', 'mahasiswa'),
(6, '230302065', '12345', 'mahasiswa'),
(7, '230102052', '12345', 'mahasiswa'),
(8, '230102050', '12345', 'mahasiswa');

--
-- Indexes for dumped tables
--

--
-- Indexes for table `dosen`
--
ALTER TABLE `dosen`
  ADD PRIMARY KEY (`nip`);

--
-- Indexes for table `kelas`
--
ALTER TABLE `kelas`
  ADD PRIMARY KEY (`id_kelas`);

--
-- Indexes for table `krs`
--
ALTER TABLE `krs`
  ADD PRIMARY KEY (`id_krs`),
  ADD UNIQUE KEY `unique_krs` (`npm`,`id_matkul`),
  ADD KEY `id_matkul` (`id_matkul`);

--
-- Indexes for table `mahasiswa`
--
ALTER TABLE `mahasiswa`
  ADD PRIMARY KEY (`npm`),
  ADD KEY `id_kelas` (`id_kelas`),
  ADD KEY `id_prodi` (`id_prodi`);

--
-- Indexes for table `matkul`
--
ALTER TABLE `matkul`
  ADD PRIMARY KEY (`id_matkul`),
  ADD KEY `nip` (`nip`);

--
-- Indexes for table `prodi`
--
ALTER TABLE `prodi`
  ADD PRIMARY KEY (`id_prodi`);

--
-- Indexes for table `user`
--
ALTER TABLE `user`
  ADD PRIMARY KEY (`id_user`);

--
-- AUTO_INCREMENT for dumped tables
--

--
-- AUTO_INCREMENT for table `kelas`
--
ALTER TABLE `kelas`
  MODIFY `id_kelas` int NOT NULL AUTO_INCREMENT, AUTO_INCREMENT=6;

--
-- AUTO_INCREMENT for table `krs`
--
ALTER TABLE `krs`
  MODIFY `id_krs` int NOT NULL AUTO_INCREMENT, AUTO_INCREMENT=6;

--
-- AUTO_INCREMENT for table `matkul`
--
ALTER TABLE `matkul`
  MODIFY `id_matkul` int NOT NULL AUTO_INCREMENT, AUTO_INCREMENT=6;

--
-- AUTO_INCREMENT for table `prodi`
--
ALTER TABLE `prodi`
  MODIFY `id_prodi` int NOT NULL AUTO_INCREMENT, AUTO_INCREMENT=6;

--
-- AUTO_INCREMENT for table `user`
--
ALTER TABLE `user`
  MODIFY `id_user` int NOT NULL AUTO_INCREMENT, AUTO_INCREMENT=9;

--
-- Constraints for dumped tables
--

--
-- Constraints for table `krs`
--
ALTER TABLE `krs`
  ADD CONSTRAINT `krs_ibfk_1` FOREIGN KEY (`npm`) REFERENCES `mahasiswa` (`npm`) ON DELETE CASCADE ON UPDATE CASCADE,
  ADD CONSTRAINT `krs_ibfk_2` FOREIGN KEY (`id_matkul`) REFERENCES `matkul` (`id_matkul`) ON DELETE CASCADE ON UPDATE CASCADE;

--
-- Constraints for table `mahasiswa`
--
ALTER TABLE `mahasiswa`
  ADD CONSTRAINT `mahasiswa_ibfk_1` FOREIGN KEY (`id_kelas`) REFERENCES `kelas` (`id_kelas`) ON DELETE CASCADE ON UPDATE CASCADE,
  ADD CONSTRAINT `mahasiswa_ibfk_2` FOREIGN KEY (`id_prodi`) REFERENCES `prodi` (`id_prodi`) ON DELETE CASCADE ON UPDATE CASCADE;

--
-- Constraints for table `matkul`
--
ALTER TABLE `matkul`
  ADD CONSTRAINT `matkul_ibfk_1` FOREIGN KEY (`nip`) REFERENCES `dosen` (`nip`) ON DELETE CASCADE ON UPDATE CASCADE;
COMMIT;

/*!40101 SET CHARACTER_SET_CLIENT=@OLD_CHARACTER_SET_CLIENT */;
/*!40101 SET CHARACTER_SET_RESULTS=@OLD_CHARACTER_SET_RESULTS */;
/*!40101 SET COLLATION_CONNECTION=@OLD_COLLATION_CONNECTION */;
